phi_mid,ratio,n_pix,tracer,shell,r_sh
5.0,2.969417616935794,2581,THINGS NA,2,3.955
15.0,1.5942955083038266,2581,THINGS NA,2,3.955
25.0,1.5900950924635373,2580,THINGS NA,2,3.955
35.0,1.6172212853237402,2575,THINGS NA,2,3.955
45.0,1.6364307769241757,2575,THINGS NA,2,3.955
55.0,1.6426451081749225,2576,THINGS NA,2,3.955
65.0,1.3730469549685809,2572,THINGS NA,2,3.955
75.0,1.2002191737907792,2573,THINGS NA,2,3.955
85.0,0.7959850243872695,2570,THINGS NA,2,3.955
95.0,0.5193384636254506,2573,THINGS NA,2,3.955
105.0,0.7528897770408006,2571,THINGS NA,2,3.955
115.0,0.9893449035322707,2576,THINGS NA,2,3.955
125.0,0.6774649552626445,2569,THINGS NA,2,3.955
135.0,0.8786824986653188,2571,THINGS NA,2,3.955
145.0,1.8175181391392639,2562,THINGS NA,2,3.955
155.0,1.9164651816327876,2570,THINGS NA,2,3.955
165.0,1.7315542224991212,2575,THINGS NA,2,3.955
175.0,2.260461796823462,2566,THINGS NA,2,3.955
185.0,1.7486141788885137,2574,THINGS NA,2,3.955
195.0,1.5787576707268451,2570,THINGS NA,2,3.955
205.0,1.2349255266263421,2576,THINGS NA,2,3.955
215.0,1.042170427088883,2572,THINGS NA,2,3.955
225.0,0.9093919956522898,2573,THINGS NA,2,3.955
235.0,1.1111900991476351,2572,THINGS NA,2,3.955
245.0,1.2175432535090718,2570,THINGS NA,2,3.955
255.0,1.174704408464139,2577,THINGS NA,2,3.955
265.0,0.7715255496169644,2578,THINGS NA,2,3.955
275.0,0.8441141645269084,2580,THINGS NA,2,3.955
285.0,3.288926694054441,2577,THINGS NA,2,3.955
295.0,2.7155194637793247,2590,THINGS NA,2,3.955
305.0,1.3276278798491654,2570,THINGS NA,2,3.955
315.0,1.1094847718696215,2577,THINGS NA,2,3.955
325.0,1.6789273778687204,2583,THINGS NA,2,3.955
335.0,3.536596092606605,2580,THINGS NA,2,3.955
345.0,1.832262931541053,2581,THINGS NA,2,3.955
355.0,3.5926322632090284,2575,THINGS NA,2,3.955
5.0,2.945491234596932,2581,THINGS RO,2,3.955
15.0,1.6223280263466144,2581,THINGS RO,2,3.955
25.0,1.6010521920112566,2580,THINGS RO,2,3.955
35.0,1.6440596412155457,2575,THINGS RO,2,3.955
45.0,1.6643017560474123,2575,THINGS RO,2,3.955
55.0,1.718787925416276,2576,THINGS RO,2,3.955
65.0,1.4440346149986123,2572,THINGS RO,2,3.955
75.0,1.199050817205369,2573,THINGS RO,2,3.955
85.0,0.7577928200294242,2560,THINGS RO,2,3.955
95.0,0.5174657021306839,2573,THINGS RO,2,3.955
105.0,0.729184778295339,2571,THINGS RO,2,3.955
115.0,1.0174932389598805,2576,THINGS RO,2,3.955
125.0,0.6725753314093602,2569,THINGS RO,2,3.955
135.0,0.8422237061952261,2568,THINGS RO,2,3.955
145.0,1.8370196929607467,2562,THINGS RO,2,3.955
155.0,1.990612527054386,2570,THINGS RO,2,3.955
165.0,1.7451696892097142,2575,THINGS RO,2,3.955
175.0,2.3764133131572427,2566,THINGS RO,2,3.955
185.0,1.8824280215760192,2574,THINGS RO,2,3.955
195.0,1.6488237261039342,2570,THINGS RO,2,3.955
205.0,1.260833425583451,2576,THINGS RO,2,3.955
215.0,1.0758093840155718,2572,THINGS RO,2,3.955
225.0,0.8662767103628591,2573,THINGS RO,2,3.955
235.0,1.1269090818349081,2572,THINGS RO,2,3.955
245.0,1.301979354315924,2570,THINGS RO,2,3.955
255.0,1.2138422390668009,2577,THINGS RO,2,3.955
265.0,0.7845683943623232,2578,THINGS RO,2,3.955
275.0,0.8401337299396152,2580,THINGS RO,2,3.955
285.0,3.4021136291715175,2577,THINGS RO,2,3.955
295.0,2.7948091120387337,2590,THINGS RO,2,3.955
305.0,1.3335736601378394,2570,THINGS RO,2,3.955
315.0,1.109506568157274,2577,THINGS RO,2,3.955
325.0,1.7999015665661078,2583,THINGS RO,2,3.955
335.0,3.5216473487983575,2580,THINGS RO,2,3.955
345.0,2.001295828334227,2581,THINGS RO,2,3.955
355.0,3.863588206000454,2575,THINGS RO,2,3.955
5.0,2.6973269881178945,163,HALOGAS HR,2,3.955
15.0,1.6442121991766414,161,HALOGAS HR,2,3.955
25.0,1.6223911098878414,159,HALOGAS HR,2,3.955
35.0,1.5859535863245346,162,HALOGAS HR,2,3.955
45.0,1.552871916135265,160,HALOGAS HR,2,3.955
55.0,1.5018110868251853,161,HALOGAS HR,2,3.955
65.0,1.36005543961528,161,HALOGAS HR,2,3.955
75.0,1.2687465091254537,162,HALOGAS HR,2,3.955
85.0,0.9811924445076676,161,HALOGAS HR,2,3.955
95.0,0.6036030053138286,161,HALOGAS HR,2,3.955
105.0,0.7165662302423695,164,HALOGAS HR,2,3.955
115.0,1.0165879512669789,159,HALOGAS HR,2,3.955
125.0,0.7439032830528446,161,HALOGAS HR,2,3.955
135.0,0.9356501064625327,163,HALOGAS HR,2,3.955
145.0,1.6324925012656772,155,HALOGAS HR,2,3.955
155.0,2.0275577109666436,162,HALOGAS HR,2,3.955
165.0,1.5706163835924727,159,HALOGAS HR,2,3.955
175.0,1.897495687917605,161,HALOGAS HR,2,3.955
185.0,1.6692824026339912,161,HALOGAS HR,2,3.955
195.0,1.495732698711078,159,HALOGAS HR,2,3.955
205.0,1.1970094578407753,161,HALOGAS HR,2,3.955
215.0,1.0343577736312406,160,HALOGAS HR,2,3.955
225.0,0.9292421869893777,162,HALOGAS HR,2,3.955
235.0,1.1048838554029385,159,HALOGAS HR,2,3.955
245.0,1.1490226267629031,162,HALOGAS HR,2,3.955
255.0,1.1557206222732395,162,HALOGAS HR,2,3.955
265.0,0.7547010859605335,161,HALOGAS HR,2,3.955
275.0,0.8708268952129993,160,HALOGAS HR,2,3.955
285.0,3.033984480624525,163,HALOGAS HR,2,3.955
295.0,2.3537939483987227,161,HALOGAS HR,2,3.955
305.0,1.2372256386919867,161,HALOGAS HR,2,3.955
315.0,1.225966899381941,162,HALOGAS HR,2,3.955
325.0,1.6139548708340734,157,HALOGAS HR,2,3.955
335.0,2.8068720320996654,162,HALOGAS HR,2,3.955
345.0,1.943674115513213,164,HALOGAS HR,2,3.955
355.0,3.5938457956392935,157,HALOGAS HR,2,3.955
5.0,7.227591711457545,342,WISE W1,2,3.955
15.0,4.404255323704158,338,WISE W1,2,3.955
25.0,3.3324590553044433,341,WISE W1,2,3.955
35.0,3.7340524914572546,340,WISE W1,2,3.955
45.0,4.611140313559477,339,WISE W1,2,3.955
55.0,4.013248147980815,340,WISE W1,2,3.955
65.0,5.059668311933755,341,WISE W1,2,3.955
75.0,3.5350467207864904,340,WISE W1,2,3.955
85.0,3.671574732603841,340,WISE W1,2,3.955
95.0,2.5020196336335636,338,WISE W1,2,3.955
105.0,1.7841667583147747,343,WISE W1,2,3.955
115.0,2.3089534035435033,341,WISE W1,2,3.955
125.0,3.0094919960961475,341,WISE W1,2,3.955
135.0,4.202465614679232,338,WISE W1,2,3.955
145.0,4.390469393987293,341,WISE W1,2,3.955
155.0,3.1314392938501765,338,WISE W1,2,3.955
165.0,2.9757384463432888,342,WISE W1,2,3.955
175.0,3.260193357181581,340,WISE W1,2,3.955
185.0,4.038726344359938,342,WISE W1,2,3.955
195.0,2.4234170032218953,340,WISE W1,2,3.955
205.0,2.1639536170796823,340,WISE W1,2,3.955
215.0,2.1859227295965558,339,WISE W1,2,3.955
225.0,2.5993970891313745,341,WISE W1,2,3.955
235.0,2.885598067984101,338,WISE W1,2,3.955
245.0,2.88707065972073,341,WISE W1,2,3.955
255.0,2.8817035908511706,338,WISE W1,2,3.955
265.0,2.768807468546876,344,WISE W1,2,3.955
275.0,3.355719879087435,341,WISE W1,2,3.955
285.0,3.9445886853794714,339,WISE W1,2,3.955
295.0,5.401042966231483,343,WISE W1,2,3.955
305.0,3.3690303245215683,336,WISE W1,2,3.955
315.0,2.7674642319112173,346,WISE W1,2,3.955
325.0,2.22361123196999,340,WISE W1,2,3.955
335.0,2.5108488530361868,340,WISE W1,2,3.955
345.0,3.0141696288176467,343,WISE W1,2,3.955
355.0,4.777572358075385,338,WISE W1,2,3.955
5.0,0.662816942687097,5902,THINGS NA,3,5.982
15.0,1.1025662173192465,5898,THINGS NA,3,5.982
25.0,1.0002327380880416,5896,THINGS NA,3,5.982
35.0,0.8523558745631665,5907,THINGS NA,3,5.982
45.0,1.416666254342208,5892,THINGS NA,3,5.982
55.0,1.0508185165973931,5891,THINGS NA,3,5.982
65.0,1.0304671909972405,5885,THINGS NA,3,5.982
75.0,1.0478221857441405,5886,THINGS NA,3,5.982
85.0,1.3138009606921741,5882,THINGS NA,3,5.982
95.0,1.6594610382858548,5881,THINGS NA,3,5.982
105.0,1.9869737400657415,5877,THINGS NA,3,5.982
115.0,1.2173322971193774,5875,THINGS NA,3,5.982
125.0,1.8921614036553387,5877,THINGS NA,3,5.982
135.0,2.098887758848861,5877,THINGS NA,3,5.982
145.0,1.2491331846562164,5870,THINGS NA,3,5.982
155.0,2.0003040870680544,5875,THINGS NA,3,5.982
165.0,1.3078414401700786,5878,THINGS NA,3,5.982
175.0,1.1250832241901356,5888,THINGS NA,3,5.982
185.0,1.4233125713053794,5865,THINGS NA,3,5.982
195.0,1.591381855326856,5873,THINGS NA,3,5.982
205.0,1.740869052615476,5885,THINGS NA,3,5.982
215.0,1.2149602349477335,5886,THINGS NA,3,5.982
225.0,1.287565233017456,5889,THINGS NA,3,5.982
235.0,1.0125835132917027,5888,THINGS NA,3,5.982
245.0,0.9076888858092311,5895,THINGS NA,3,5.982
255.0,0.9401577503747472,5897,THINGS NA,3,5.982
265.0,1.3652511706416068,5897,THINGS NA,3,5.982
275.0,1.476929297444495,5900,THINGS NA,3,5.982
285.0,0.6695625787442024,5905,THINGS NA,3,5.982
295.0,1.0923391656530534,5909,THINGS NA,3,5.982
305.0,1.763778874016848,5901,THINGS NA,3,5.982
315.0,1.5674236059911737,5907,THINGS NA,3,5.982
325.0,2.575668926771296,5907,THINGS NA,3,5.982
335.0,1.1192174477564016,5906,THINGS NA,3,5.982
345.0,1.2062503851030608,5906,THINGS NA,3,5.982
355.0,0.8540751153712395,5910,THINGS NA,3,5.982
5.0,0.6573143363273438,5902,THINGS RO,3,5.982
15.0,1.1244810096153222,5898,THINGS RO,3,5.982
25.0,0.9573599910258022,5859,THINGS RO,3,5.982
35.0,0.8521576872499892,5895,THINGS RO,3,5.982
45.0,1.4278917590354812,5892,THINGS RO,3,5.982
55.0,1.0345636097067357,5891,THINGS RO,3,5.982
65.0,1.022914410485462,5885,THINGS RO,3,5.982
75.0,1.0376634221584977,5886,THINGS RO,3,5.982
85.0,1.2944878053592495,5882,THINGS RO,3,5.982
95.0,1.6811177039449854,5881,THINGS RO,3,5.982
105.0,2.020776497020071,5877,THINGS RO,3,5.982
115.0,1.2008871038190925,5875,THINGS RO,3,5.982
125.0,1.9914454937984551,5877,THINGS RO,3,5.982
135.0,2.242977438041193,5877,THINGS RO,3,5.982
145.0,1.280782184082568,5806,THINGS RO,3,5.982
155.0,2.0211336102372357,5842,THINGS RO,3,5.982
165.0,1.3289307516677908,5849,THINGS RO,3,5.982
175.0,1.1003958959236289,5888,THINGS RO,3,5.982
185.0,1.3870772873624855,5865,THINGS RO,3,5.982
195.0,1.6321108240912996,5873,THINGS RO,3,5.982
205.0,1.8425118671198168,5885,THINGS RO,3,5.982
215.0,1.219759284546104,5886,THINGS RO,3,5.982
225.0,1.3234824666967882,5889,THINGS RO,3,5.982
235.0,1.0233250918025918,5888,THINGS RO,3,5.982
245.0,0.8846436037768503,5895,THINGS RO,3,5.982
255.0,0.8991257510224445,5897,THINGS RO,3,5.982
265.0,1.3218223739198813,5897,THINGS RO,3,5.982
275.0,1.5069670639150798,5900,THINGS RO,3,5.982
285.0,0.6629447625618742,5897,THINGS RO,3,5.982
295.0,1.0625472019300424,5909,THINGS RO,3,5.982
305.0,1.8475316910394606,5901,THINGS RO,3,5.982
315.0,1.6097180580331292,5907,THINGS RO,3,5.982
325.0,2.755005261169433,5901,THINGS RO,3,5.982
335.0,1.158938150744859,5865,THINGS RO,3,5.982
345.0,1.267805257769384,5906,THINGS RO,3,5.982
355.0,0.8227054455122477,5905,THINGS RO,3,5.982
5.0,0.7085698226843256,369,HALOGAS HR,3,5.982
15.0,1.1015838370284332,368,HALOGAS HR,3,5.982
25.0,1.0056492114658466,369,HALOGAS HR,3,5.982
35.0,0.8781220875510659,372,HALOGAS HR,3,5.982
45.0,1.4037291319955012,366,HALOGAS HR,3,5.982
55.0,1.1880072413855554,369,HALOGAS HR,3,5.982
65.0,1.0227782210196064,369,HALOGAS HR,3,5.982
75.0,1.0847868585444342,368,HALOGAS HR,3,5.982
85.0,1.3139974224609656,369,HALOGAS HR,3,5.982
95.0,1.6155235983285814,366,HALOGAS HR,3,5.982
105.0,1.9207341071166029,369,HALOGAS HR,3,5.982
115.0,1.1772157641552647,367,HALOGAS HR,3,5.982
125.0,1.8511692703257665,366,HALOGAS HR,3,5.982
135.0,2.102122997704554,367,HALOGAS HR,3,5.982
145.0,1.3461748651661303,371,HALOGAS HR,3,5.982
155.0,1.8119183252758475,366,HALOGAS HR,3,5.982
165.0,1.418274214545637,370,HALOGAS HR,3,5.982
175.0,1.135194757700971,365,HALOGAS HR,3,5.982
185.0,1.4952443241072932,372,HALOGAS HR,3,5.982
195.0,1.61434248079374,366,HALOGAS HR,3,5.982
205.0,1.6292178546907863,368,HALOGAS HR,3,5.982
215.0,1.2937212684987995,369,HALOGAS HR,3,5.982
225.0,1.3660613887814843,368,HALOGAS HR,3,5.982
235.0,1.039990089653134,368,HALOGAS HR,3,5.982
245.0,0.970679561030966,369,HALOGAS HR,3,5.982
255.0,0.9833659387007152,368,HALOGAS HR,3,5.982
265.0,1.3815614031450367,368,HALOGAS HR,3,5.982
275.0,1.5141685953602657,369,HALOGAS HR,3,5.982
285.0,0.7508905961401248,372,HALOGAS HR,3,5.982
295.0,1.15075518507433,367,HALOGAS HR,3,5.982
305.0,1.7133941064892828,371,HALOGAS HR,3,5.982
315.0,1.4457710772068093,368,HALOGAS HR,3,5.982
325.0,2.5420916378764957,372,HALOGAS HR,3,5.982
335.0,1.233785486044038,368,HALOGAS HR,3,5.982
345.0,1.150347478225417,370,HALOGAS HR,3,5.982
355.0,0.8262274499674834,367,HALOGAS HR,3,5.982
5.0,1.3263587887317254,780,WISE W1,3,5.982
15.0,2.245732898467443,784,WISE W1,3,5.982
25.0,2.9160309857743743,780,WISE W1,3,5.982
35.0,2.475985826877935,780,WISE W1,3,5.982
45.0,4.255960442272051,778,WISE W1,3,5.982
55.0,3.834822276405474,780,WISE W1,3,5.982
65.0,3.634661656439092,782,WISE W1,3,5.982
75.0,3.904323850340827,781,WISE W1,3,5.982
85.0,5.118625803405217,777,WISE W1,3,5.982
95.0,6.065794892227719,779,WISE W1,3,5.982
105.0,6.369934597330841,775,WISE W1,3,5.982
115.0,8.70342741911,778,WISE W1,3,5.982
125.0,5.486636773871593,770,WISE W1,3,5.982
135.0,3.9236812446542584,785,WISE W1,3,5.982
145.0,3.2449899710597507,778,WISE W1,3,5.982
155.0,3.3245200238601678,776,WISE W1,3,5.982
165.0,4.422342062704614,771,WISE W1,3,5.982
175.0,4.0416059154735455,767,WISE W1,3,5.982
185.0,2.5352867834467947,769,WISE W1,3,5.982
195.0,2.3338422252721713,767,WISE W1,3,5.982
205.0,1.983173702339119,778,WISE W1,3,5.982
215.0,2.883848578949325,779,WISE W1,3,5.982
225.0,1.4728009898683718,778,WISE W1,3,5.982
235.0,0.5665654996778693,777,WISE W1,3,5.982
245.0,1.5258485428458897,782,WISE W1,3,5.982
255.0,2.3613271694030122,778,WISE W1,3,5.982
265.0,3.043129960251953,784,WISE W1,3,5.982
275.0,2.6751162703763938,777,WISE W1,3,5.982
285.0,2.2285088897878063,783,WISE W1,3,5.982
295.0,1.6749463229183983,780,WISE W1,3,5.982
305.0,3.019133121368361,772,WISE W1,3,5.982
315.0,3.8208541471899022,790,WISE W1,3,5.982
325.0,4.141730297202491,782,WISE W1,3,5.982
335.0,4.334427463913321,786,WISE W1,3,5.982
345.0,2.679741585611062,778,WISE W1,3,5.982
355.0,1.9419454097797826,782,WISE W1,3,5.982
