Galaxy,T,V_flat,n_pts,M_central_estimate,fw_best_n_shells,fw_best_bic,fw_best_chi2,fw_best_chi2_red,burk_rho0,burk_a_kpc,shell1_r_kpc,shell1_M,shell1_sigma_kpc,shell1_M_BH_single,shell1_decomp_n_BH,shell1_decomp_M_BH_each,shell1_decomp_central_ratio,shell1_decomp_acceptable,shell2_r_kpc,shell2_M,shell2_sigma_kpc,shell2_M_BH_single,shell2_decomp_n_BH,shell2_decomp_M_BH_each,shell2_decomp_central_ratio,shell2_decomp_acceptable
D631-7,10,57.7,16,289985.0485379824,0,13.163467650676925,7.747367248472504,0.5959513268055772,10007308.879340056,7.241423305419615,,,,,,,,,,,,,,,,
DDO064,10,46.1,14,108015.50497849072,0,9.367381808013818,4.089267148783302,0.34077226239860847,57112792.43660924,1.908946851565782,,,,,,,,,,,,,,,,
DDO154,10,47.0,12,117606.84610495389,0,11.856723993524529,6.886910693948527,0.6886910693948527,27455769.25865201,2.5812608452904633,,,,,,,,,,,,,,,,
DDO161,10,66.3,31,534393.9756602272,0,14.386658489964425,7.518684080994132,0.25926496831014245,6346090.0326940175,7.394408334130553,,,,,,,,,,,,,,,,
DDO168,10,53.4,10,206245.06211654225,1,13.984476701465884,2.471551236495654,0.4943102472991308,13746613.134397645,0.1023797512090557,2.3681731180339898,1983299900.4118176,0.6903824844749055,455.65852168129953,1.0,455.65852168129953,0.0022093063320169186,True,,,,,,,,
DDO170,10,60.0,8,344403.4793694349,1,11.489031328663467,1.0918236202642873,0.36394120675476244,1295821.52072852,24.26758157487029,3.8586071170842713,2455348622.352626,1.4204552535333452,1153.4327111296657,1.0,1153.4327111296657,0.003349073921208563,True,,,,,,,,
ESO079-G014,4,175.0,15,38244540.104020566,1,16.14466563940617,2.60441463389512,0.260441463389512,7358609.73338109,19.607418131439463,6.36153611023773,23593059720.80243,2.0170111985396204,21707587.564816732,5.0,4341517.512963346,0.11351992993391838,False,,,,,,,,
ESO116-G012,7,109.1,15,4782235.193617191,0,15.549786017178018,10.133685614973599,0.7795142780748923,66532912.22829161,3.6386725211935955,,,,,,,,,,,,,,,,
ESO563-G021,4,314.6,30,505056993.431859,2,30.552699840560788,4.186004912526155,0.22031604802769236,9473823.47487782,27.08325178554185,4.688902138478004,18171417809.196873,0.39502916893493356,6971742.549908223,2.0,3485871.2749541113,0.006901936455265451,True,7.725475315426444,98612231439.38463,2.1100484537100725,10929465423.030561,5.0,2185893084.6061125,4.328012705562164,False
F568-V1,7,112.3,15,5430914.381310255,0,6.113151822583155,0.6970514203787349,0.053619340029133454,114107755.53173478,2.9929608443842954,,,,,,,,,,,,,,,,
F571-8,5,139.7,13,14192738.974418007,0,13.703174948832629,9.308725794160189,1.3298179705943127,29068791.30648465,8.157261761179566,,,,,,,,,,,,,,,,
F571-V1,7,83.6,7,1482209.6940727152,0,4.048744979289803,0.15692468117917643,0.031384936235835284,17634950.86652221,5.440086689575692,,,,,,,,,,,,,,,,
F574-1,7,97.8,14,2955922.1350647374,0,6.409047089074895,1.1309324298443786,0.09424436915369822,53940499.73553294,3.5408736135661827,,,,,,,,,,,,,,,,
F583-1,9,85.8,25,1661675.035288747,0,10.91855489407332,4.4808032443369195,0.19481753236247476,25830810.702880066,4.588204579385086,,,,,,,,,,,,,,,,
IC2574,9,66.4,34,537949.586266365,1,33.865118456199426,16.233315833118613,0.5597695114868487,7222368.940017522,4.95106705096492,7.875888763297649,3755997021.653057,1.2443933108959586,7329.169921180154,2.0,3664.584960590077,0.006812134545960154,True,,,,,,,,
IC4202,4,242.6,32,160961323.12468985,2,35.20455924880467,8.26619260891288,0.39362821947204185,8830159.959880313,20.521308369150685,3.8470327481805797,11875772321.710476,0.17065794799230033,1095920.6327889287,1.0,1095920.6327889287,0.006808596074598405,True,6.294290565387758,26087362827.923157,0.8717775111495198,33610213.900185555,5.0,6722042.780037111,0.04176185091886845,False
KK98-251,10,33.7,15,27212.822721480326,0,9.343282436619429,3.9271820344150097,0.3020909257242315,12213585.635664137,3.413021799166313,,,,,,,,,,,,,,,,
NGC0024,5,106.3,29,4265288.311073059,1,19.95818120733646,3.121702057404091,0.1300709190585038,503385496.46438366,1.2283696729096387,9.44269018794248,12243932163.72008,1.751082042615145,1251572.4052767048,5.0,250314.48105534096,0.05868641526658416,False,,,,,,,,
NGC0055,9,85.6,21,1644699.624229924,0,15.264844191214316,9.175799315767469,0.48293680609302464,11695677.523069194,6.798098936105254,,,,,,,,,,,,,,,,
NGC0100,6,88.1,21,1866792.406421395,0,7.7144656778696366,1.625420802422791,0.08554846328541005,27482929.52217859,4.737039354047202,,,,,,,,,,,,,,,,
NGC0247,7,104.9,26,4023594.2298951056,1,17.65596990795875,1.365487217851339,0.06502320085006377,8063774.018667856,11.624583936307827,2.0444991690242773,1917100818.5730484,0.7561135797781586,393.1022629690081,1.0,393.1022629690081,9.7699280918607e-05,True,,,,,,,,
NGC0289,4,163.0,28,27978697.190716844,2,36.14486295250339,9.487226871101756,0.4743613435550878,222137.65104833953,81.35460293366977,9.054630957269772,67360112664.68254,3.291556582645324,2082342683.150672,5.0,416468536.6301344,14.88520118686284,False,29.999999999999996,123336466288.6797,4.73725723959523,28923312550.52926,5.0,5784662510.105852,206.75238988701614,False
NGC0300,7,93.3,25,2402598.829192271,0,19.85482505399036,13.417073404253959,0.5833510175762591,45866159.05511878,3.7878764309626924,,,,,,,,,,,,,,,,
NGC0801,5,220.1,13,104889065.43541616,1,15.051651588018231,3.062175224026378,0.5103625373377297,267353924.35574,2.1023289710105617,43.986147625816535,395863566795.1284,17.594459050326613,4616608749492.357,5.0,923321749898.4714,8802.840849668859,False,,,,,,,,
NGC0891,3,216.1,18,96757135.57450627,1,15.629199183328874,2.4339125352525817,0.27043472613917574,2541404.5584033383,199.99999999970564,8.75943169874872,36945092020.477776,1.6229888899140865,152711546.00875705,5.0,30542309.20175141,0.3156595017039627,False,,,,,,,,
NGC1003,6,109.8,36,4918722.5396309,2,43.38479782920186,14.716646321552979,0.5255945114840349,46921605.16270479,2.1651142172626994,6.129755888017246,7880959752.311033,1.1648912545593626,184127.69933838022,4.0,46031.924834595055,0.009358512187607412,True,20.80933288239158,61978381286.65007,6.220463026131573,1449589377.8045223,5.0,289917875.56090444,58.94170147329754,False
NGC1090,4,164.4,24,29051596.709765334,1,24.33647836414671,8.88126609735513,0.5224274174914783,6346389.547800292,14.897981610037602,4.657117441625834,18166494967.23122,1.0381280705714249,6963530.329388186,5.0,1392706.0658776374,0.04793905408336804,False,,,,,,,,
NGC2403,6,131.2,73,10767401.382423267,2,85.48065232637732,51.1569767971902,0.7870304122644646,9929374.597256687,11.5004828544341,1.0144148561453685,1332080558.0418913,0.3989109319491956,80.669177770561,1.0,80.669177770561,7.491982039626161e-06,True,4.3973679279231686,8710646077.261534,1.1790005083107624,284589.65023700794,3.0,94863.21674566931,0.008810223876349986,True
NGC2683,3,154.0,11,21791804.811994694,0,11.021381341119248,6.225590795522508,0.691732310613612,112155433.73828346,3.9724783829448747,,,,,,,,,,,,,,,,
NGC2841,3,284.8,50,325970247.6773059,2,44.96503558880378,13.668851545378612,0.3254488463185384,377124592.2433467,3.7433335832105197,25.87651367288235,128615678142.66801,5.548242151048032,34707914342.73249,5.0,6941582868.546498,21.295142480053318,False,51.393978899620066,388191640391.8737,6.035376404706548,4239853762071.1147,5.0,847970752414.2229,2601.3746912683614,False
NGC2903,4,184.6,34,48375057.47893993,1,37.9337283165457,21.097249166613327,0.8790520486088886,17718331.669818982,10.040757890046352,7.031294102916244,19598146221.058064,2.1068186648190688,9685793.86700908,5.0,1937158.773401816,0.040044578225982626,False,,,,,,,,
NGC2915,11,83.5,30,1474424.438733975,0,16.436583412614628,9.77217439226422,0.3758528612409316,135241505.32300612,2.026857349031712,,,,,,,,,,,,,,,,
NGC2976,5,85.4,27,1627858.5302729614,0,12.067090959510953,5.71098329881506,0.2595901499461391,83707763.628678,3.3148269456773893,,,,,,,,,,,,,,,,
NGC2998,5,209.9,13,85124928.15531185,1,16.920999482525126,4.096252695217441,0.5120315869021801,559647087.6428887,1.7356895871295845,25.88347376949619,197814144843.00162,9.311213604952249,225797662474.51825,5.0,45159532494.90365,530.5089058343676,False,,,,,,,,
NGC3109,9,66.2,25,530856.5522760485,0,9.864807034247391,3.427055384510991,0.14900240802221698,21153865.15269628,4.6819465914493685,,,,,,,,,,,,,,,,
NGC3198,5,150.1,43,19466015.931973737,1,37.00447166733368,18.560074396764,0.5302878399075429,36038698.477541834,6.172613127133273,79.99999999999905,677611796391.793,24.189571854834515,47837355894996.695,5.0,9567471178999.34,491496.1136595174,False,,,,,,,,
NGC3521,4,213.7,41,92117453.99681506,1,20.80373523154194,2.235874898020399,0.06210763605612219,30054708.786706552,9.629851495789445,1.0837698337773425,2745722707.432891,0.4335079335109369,1875.6704566237245,1.0,1875.6704566237245,2.0361727069536413e-05,True,,,,,,,,
NGC3726,5,168.0,12,31956769.356237844,1,18.0103650091661,5.585831760226099,0.7979759657465856,1285684.8139697106,199.99999999999997,7.26522595047387,17697920726.68725,1.3440740774066016,6215295.302278929,5.0,1243059.0604557858,0.0388981453850605,False,,,,,,,,
NGC3741,10,50.1,21,155771.5073445307,1,21.523293952979813,6.3006817643627,0.39379261027266876,59326254.40934807,1.0423452496520937,4.5581369181670075,2738279894.3864737,1.446603533009282,1853.6536632781128,2.0,926.8268316390564,0.005949912454715669,True,,,,,,,,
NGC3769,3,118.6,12,6905174.536166029,0,10.43777936208641,5.641988816489667,0.6268876462766297,22870875.745616954,6.533191146732119,,,,,,,,,,,,,,,,
NGC3877,5,168.4,13,32292912.22524284,0,11.893078148195617,7.097287602598875,0.788587511399875,612510084.2649623,1.217018928306068,,,,,,,,,,,,,,,,
NGC3893,5,174.0,10,37292261.512982,0,7.431992330958594,2.826822144970502,0.3533527681213128,69404693.34306891,5.128264918629717,,,,,,,,,,,,,,,,
NGC3917,6,135.9,17,12570936.662438303,0,14.467315170018843,8.922137725539281,0.6372955518242344,52879380.324358836,4.610238390512981,,,,,,,,,,,,,,,,
NGC3949,4,163.0,7,27978697.190716844,0,5.981835748084994,2.0900154499743677,0.41800308999487357,25642953.721805986,11.569235248182014,,,,,,,,,,,,,,,,
NGC3953,4,220.8,8,106364801.13919717,0,5.262346993139207,1.1034639097795353,0.18391065162992257,152752492.0114446,3.404674631221639,,,,,,,,,,,,,,,,
NGC3972,4,132.7,10,11319678.420967551,0,10.895041012659231,6.28987082667114,0.7862338533338925,68902651.00749058,3.895629850285015,,,,,,,,,,,,,,,,
NGC3992,4,241.0,9,156342486.9214993,0,9.363774431709484,4.9693252770370435,0.709903611005292,83956376.3943866,6.802961147128208,,,,,,,,,,,,,,,,
NGC4010,7,125.8,12,8949460.375365213,1,13.551599504973275,1.1270662560332738,0.16100946514761055,9227379591.773518,0.10000000000000002,6.163870573283715,22534580036.394444,1.7089812268996176,17778502.995773606,5.0,3555700.599154721,0.3973089381950159,False,,,,,,,,
NGC4013,3,172.9,36,36266028.54290237,1,35.79268789837267,17.87509320609212,0.5766159098739394,36033911.20466482,5.972932303087973,23.566658702622025,72388830890.55806,3.643229149262306,2848205347.7552204,5.0,569641069.5510441,15.707291160297965,False,,,,,,,,
NGC4051,4,157.0,7,23722502.398550097,0,6.98913304470104,3.097312746590413,0.6194625493180826,73619428.77591912,2.8958490413775224,,,,,,,,,,,,,,,,
NGC4085,5,131.5,7,10876153.818072325,0,4.482758427372581,1.2638826025043806,0.4212942008347935,27930684.413429018,6.09585682973553,,,,,,,,,,,,,,,,
NGC4088,4,171.7,12,35171535.37040465,0,6.087889309151591,1.6934401544791522,0.2419200220684503,1960409.2348802122,199.99999999999997,,,,,,,,,,,,,,,,
NGC4100,4,158.2,24,24530733.6453581,0,19.852981940420243,13.496874279724352,0.613494285442016,128980625.71041389,3.7370849069448067,,,,,,,,,,,,,,,,
NGC4138,0,147.3,7,17918189.06328078,0,7.327790448967562,3.435970150856936,0.6871940301713872,222215109.40323406,2.5079577337947,,,,,,,,,,,,,,,,
NGC4157,3,184.7,17,48490467.20473256,0,8.970242295308267,3.554141893103848,0.27339553023875757,8884763.213123666,15.855278058000078,,,,,,,,,,,,,,,,
NGC4183,6,110.6,23,5078372.897058564,0,14.338471720427632,8.067483288569333,0.38416587088425397,64879272.25317342,3.436069326138445,,,,,,,,,,,,,,,,
NGC4217,3,181.3,19,44684033.28426671,0,10.264936690629037,5.469146145032296,0.6076829050035885,9356679.91970346,15.395859625808223,,,,,,,,,,,,,,,,
NGC4559,6,121.2,32,7596500.239556627,0,14.306397016068782,7.37492521046933,0.24583084034897768,18051502.52404454,7.0082258549986385,,,,,,,,,,,,,,,,
NGC5005,4,262.2,18,226561365.20636076,0,5.474463454689915,0.3445647397668419,0.03132406725153108,31530825.09443635,11.575445166419005,,,,,,,,,,,,,,,,
NGC5033,5,194.2,22,60464243.16290597,2,41.70328947617223,17.737431287740307,1.4781192739783588,334261.62964575394,199.99999999999997,7.495374617085971,55575409374.991035,2.4865770626114934,902068705.2391398,5.0,180413741.04782796,2.983808803522897,False,17.795639410124206,129982611335.0089,5.308989805326999,36341334469.43668,5.0,7268266893.887337,120.20768827461855,False
NGC5055,4,179.0,28,42243059.500908844,2,32.10948237189399,7.38114274502746,0.5272244817876757,1995459.9476558955,30.1602350495015,8.787626958440079,15336610332.82639,1.6914162714019614,3333671.616654453,5.0,666734.3233308906,0.01578328679807262,False,14.867556143772866,42796653074.9172,3.2302379966106503,289489393.9171251,5.0,57897878.78342502,1.370589144523951,False
NGC5371,4,209.5,19,84413469.12306911,1,29.021838377824942,14.299643481992742,1.0214031058566244,1297359926.34858,1.0298687401782762,62.595557965732894,999999999999.9999,20.876661957501803,260015956316526.7,5.0,52003191263305.336,616053.2413078322,False,,,,,,,,
NGC5585,7,90.3,24,2080789.4153104878,2,84.24619255896249,58.82176191617893,3.676360119761183,1092811.9709789504,77.97578134008509,3.1972907119744627,4342701877.910409,1.0519299427873585,13780.217484217985,1.0,13780.217484217985,0.006622591110288664,True,6.439615985983351,6481063071.643222,1.1224069192020458,78643.20029834675,4.0,19660.80007458669,0.009448721687030004,True
NGC5907,5,215.0,19,94608738.61937612,2,36.4636239818101,12.90811214847858,1.17346474077078,599929069.8403862,2.0662089248287834,20.712876561994385,82299995906.43175,3.9904796345684805,4977246950.771405,5.0,995449390.154281,10.52174888578855,False,40.28192814767553,138826490312.79114,3.889191959839561,48389897027.045555,5.0,9677979405.409111,102.29477262502087,False
NGC5985,3,293.6,33,372673621.8291424,2,39.16343201486982,11.191371523137976,0.44765486092551904,408602201.21032023,2.2536488171389317,7.344513115002164,120740179817.53206,2.9378052460008117,26366677647.524776,5.0,5273335529.504955,14.150010144594006,False,23.631020499863155,251822509550.36108,5.3679737412797675,645299430853.1665,5.0,129059886170.6333,346.30807927104286,False
NGC6015,6,154.1,44,21854135.87827992,2,61.04634906198574,30.772831990639645,0.854800888628879,12010419.33441968,11.755365301475438,2.6804899576482293,6980463063.760734,0.45681394922323976,108616.65285301085,1.0,108616.65285301085,0.004970073100028688,True,1.0157954716498976,2401615796.0952578,0.2972986878080803,1047.5876298130538,1.0,1047.5876298130538,4.79354404881419e-05,True
NGC6195,3,251.7,23,189272786.98580575,1,21.225757449889734,6.2470960821197785,0.41647307214131857,3775247.840785873,32.018783496595965,2.2777476182239775,4213889845.499592,0.11691894966177556,12088.483636676816,1.0,12088.483636676816,6.386804901638277e-05,True,,,,,,,,
NGC6503,6,116.3,31,6335089.771241936,1,38.12289990152756,20.95296387910183,0.8058832261193012,17907220.677918285,6.949646371301925,3.2011296066066084,4620016493.2248955,0.6542842321088621,18038.45502648272,1.0,18038.45502648272,0.0028473874369338965,True,,,,,,,,
NGC6674,3,241.3,15,157200616.54324117,1,20.92614429672977,7.3858932912187205,0.738589329121872,299992095.86629456,3.855065186583712,58.54713949038424,427193167747.8238,12.024455210533198,6430069949000.235,5.0,1286013989800.047,8180.718486217281,False,,,,,,,,
NGC6946,6,158.9,58,25011928.373852707,2,50.009668632651966,17.951003150792197,0.3819362372508978,19082104.950149823,7.644366195691819,4.249051846305779,5380505143.007234,0.42626565904935415,35000.98538357074,1.0,35000.98538357074,0.001399371726178479,True,11.069691228979467,5730671165.628317,0.1625376090974509,46046.20852436979,1.0,46046.20852436979,0.0018409699498622492,True
NGC7331,3,239.0,36,150713721.15253967,0,18.87845159378895,12.214042573438542,0.4697708682091747,7273057.546579187,23.255105998455157,,,,,,,,,,,,,,,,
NGC7814,2,218.9,18,102396091.4423538,1,14.506688973564003,0.6437453623650974,0.058522305669554305,11534580.906505195,17.618963478145357,5.637714864662031,35137247412.401596,1.8348297113860814,122769264.62175485,5.0,24553852.92435097,0.23979287274040256,False,,,,,,,,
UGC00128,8,129.3,22,10098003.993027901,2,48.28398240161487,23.555642774748343,1.6825459124820246,40133066.6522503,4.6062276344000805,23.62672087541879,49233512845.4346,8.472012637633945,532518358.7290729,5.0,106503671.74581459,10.547002340200036,False,42.19120055050085,39950336243.53658,2.137824811443746,214592188.70115098,5.0,42918437.740230195,4.250190212824529,False
UGC00731,10,73.3,12,831111.9313510051,0,10.671706591895326,5.701893292319326,0.5701893292319327,62015633.50779811,2.356826856993965,,,,,,,,,,,,,,,,
UGC01281,8,55.2,25,238634.90644176232,0,10.320522170416169,3.8827705206797685,0.16881610959477253,28422769.01329979,3.307517251855521,,,,,,,,,,,,,,,,
UGC02259,8,86.2,8,1696031.8288230235,1,11.313411058849823,0.9162033504506442,0.30540111681688137,266126888.32275367,1.270221789360336,24.922608819495302,999999999988.868,6.454083888298821,260015956303934.6,5.0,52003191260786.92,30661683.570452213,False,,,,,,,,
UGC02487,0,332.0,17,640043655.454088,2,29.548923856035096,6.883217103585368,0.7648019003983743,762072.5965215116,125.99709405018953,4.797149125338137,177027273784.7807,0.7197936452845742,139307593059.22156,5.0,27861518611.84431,43.53065353343369,False,23.715461553477862,578376825359.2578,6.6215654130534185,24022452409405.94,5.0,4804490481881.188,7506.504346914548,False
UGC02885,5,289.5,19,350312575.6790032,2,26.212007987509452,2.65649615417793,0.24149965037981183,21652680.80741626,13.843310155294615,0.5462468974931939,13524888533.707748,0.08082799263785582,1929441.3033598743,1.0,1929441.3033598743,0.005507770594932485,True,54.04749070988845,334534378238.5591,9.652784390086389,2219817555770.785,5.0,443963511154.15704,1267.3353512748788,False
UGC02916,2,182.7,43,46222309.046415165,1,34.426080875590586,17.09740136159195,0.6332370874663685,7599335.051980233,13.898676088489214,7.795892377396029,29262464148.380787,1.3364847270302669,55392681.78155634,5.0,11078536.356311267,0.23967942287752236,False,,,,,,,,
UGC02953,2,264.9,115,237007803.33688298,2,248.8855462882174,211.57803353532086,2.158959525870621,164428978.17746907,4.818222830375778,19.486419776900288,40344726744.27858,1.5641250777096969,223961045.24684036,5.0,44792209.04936807,0.188990440056104,False,59.83543570340491,759876024134.6921,19.138941935754787,78746439516273.94,5.0,15749287903254.787,66450.50366071172,False
UGC03205,2,219.6,48,103844692.8310385,1,59.09879940795723,39.95559242551175,0.9745266445246769,13229671.57768452,13.996851200960316,3.232552851134881,28303114098.34762,1.0199424738327922,47915813.55061232,5.0,9583162.710122464,0.09228360592018738,False,,,,,,,,
UGC03546,1,196.9,30,64251486.473384544,0,21.056799822433575,15.640699420229156,1.203130724633012,32923503.687019154,7.846937290405736,,,,,,,,,,,,,,,,
UGC03580,1,126.2,47,9075345.970662098,2,34.910717532015354,9.159710933069748,0.5388065254746911,232400.89238144076,136.5749463661084,7.3591895982664814,19593472030.36131,2.381517595217721,9675749.041116308,5.0,1935149.8082232617,0.21323151915960306,False,17.186908497847362,45514674230.59224,3.5030426813923583,378406648.34750456,5.0,75681329.66950092,8.339222539190926,False
UGC04278,7,91.4,25,2194650.103491329,1,16.980294949727895,0.8859158253868915,0.044295791269344575,75065926.6554167,1.3646282819399531,4.723313317694813,7282420058.222049,0.976408211283289,130586.8384940209,5.0,26117.36769880418,0.011900469991665516,False,,,,,,,,
UGC04325,9,90.9,8,2142313.945150023,0,6.630470599704663,2.471587516344991,0.4119312527241652,309718025.9940482,1.3598910830779254,,,,,,,,,,,,,,,,
UGC04499,8,72.8,9,806454.9233539199,0,6.097036265584903,1.702587110912464,0.24322673013035198,37702727.24366317,3.015720116637698,,,,,,,,,,,,,,,,
UGC05005,10,98.9,11,3105029.3641939084,0,4.913442690469214,0.11765214487247272,0.013072460541385857,6459717.238720737,10.641260164493604,,,,,,,,,,,,,,,,
UGC05253,2,213.7,73,92117453.99681506,2,69.75616115828484,35.43248562909771,0.5451151635245802,33117659.77559602,8.615830421318018,14.820569148933053,9443281928.165775,1.6830901876789508,404375.5207310772,1.0,404375.5207310772,0.004389781775178658,True,17.9040171101389,59675484473.97536,7.161606844055559,1229454321.244435,5.0,245890864.248887,2.6693189355557814,False
UGC05716,9,73.1,12,821180.2339575447,1,19.329613488528317,6.905080239588317,0.9864400342269024,24123082.120219745,3.9331219643012245,1.0012790290606925,383818409.9553717,0.16321830925431752,0.3597056326361315,1.0,0.3597056326361315,4.380349377171302e-07,True,,,,,,,,
UGC05721,7,79.7,23,1201209.1805880393,0,14.518917651058063,8.247929219199763,0.39275853424760776,480353999.10663116,1.018038210051651,,,,,,,,,,,,,,,,
UGC05986,9,113.0,15,5581451.816812575,1,15.71295896087058,2.17270795535953,0.21727079553595302,77249719.43333258,3.0621248446443206,3.812929739639056,4202579705.2751136,1.0467189562585555,11947.978195033847,1.0,11947.978195033847,0.0021406577691925745,True,,,,,,,,
UGC06399,9,85.0,9,1594576.2883355774,0,4.724523006855166,0.33007385218272695,0.04715340745467528,45804280.18109703,3.484253300406596,,,,,,,,,,,,,,,,
UGC06446,7,82.2,17,1376062.075517823,0,12.410771152052828,6.744344463940395,0.44962296426269305,120531641.91212356,1.9559478101444876,,,,,,,,,,,,,,,,
UGC06614,1,199.8,13,68520757.85797167,0,6.2050894512638655,1.2352761516878648,0.12352761516878648,4295759.074014428,27.66849171076052,,,,,,,,,,,,,,,,
UGC06667,6,83.8,9,1497875.476876585,0,5.0539775578232735,0.6595284031508339,0.09421834330726199,60055514.847654276,3.0951804718635065,,,,,,,,,,,,,,,,
UGC06786,0,219.4,45,103429201.27040446,1,34.83218512234224,15.798872673490646,0.3949718168372661,45954752.2341591,8.645261570783495,2.586731837034106,11071514409.6879,0.7457548732797873,807793.9177703517,1.0,807793.9177703517,0.007810114627671366,True,,,,,,,,
UGC06787,2,248.1,71,177647782.7721741,2,158.88950733545465,126.83084185359488,2.6985285500764866,688915335.0827148,1.415368885420647,23.420426547001,281762772767.24225,4.848695773056221,1051946648097.0472,5.0,210389329619.40945,1184.305969578157,False,8.021577175664785,63337784465.00726,1.4065526272400832,1593064922.4076717,5.0,318612984.48153436,1.7935094911381038,False
UGC06818,9,71.2,8,731331.0298533167,1,11.289349153709653,0.8921414453104737,0.2973804817701579,2966502.820878662,119.43040800242275,4.046171363093113,2950762327.9391,0.6094933196627879,2565.7474237617707,1.0,2565.7474237617707,0.003508325667894036,True,,,,,,,,
UGC06917,9,108.7,11,4705567.662210564,0,6.556312986878037,1.760522441281296,0.19561360458681068,56228968.06962987,3.6522626940250005,,,,,,,,,,,,,,,,
UGC06923,10,79.6,6,1194591.7927287365,0,5.5116390082774265,1.9281200698213166,0.48203001745532914,43092401.86021292,3.3496801787282755,,,,,,,,,,,,,,,,
UGC06930,7,107.2,10,4426485.889997743,0,6.010468665961978,1.4052984799738863,0.1756623099967358,51726143.91696869,3.689289726918375,,,,,,,,,,,,,,,,
UGC06983,6,109.0,17,4762978.482869276,0,12.017767222342373,6.351340534229941,0.423422702281996,78748790.74962184,3.1921395356935975,,,,,,,,,,,,,,,,
UGC07125,9,65.2,13,496468.21570418647,0,7.842293000217515,2.7123942852944407,0.24658129866313097,9598135.84638147,4.759321149349251,,,,,,,,,,,,,,,,
UGC07151,6,73.5,11,841136.1931588579,1,12.615383338754725,0.6259069747628714,0.10431782912714523,20367713.3856365,4.238021901648699,1.312743671263428,913609378.6369355,0.39975550560656453,15.642580148544393,1.0,15.642580148544393,1.8596964767143385e-05,True,,,,,,,,
UGC07261,8,74.7,7,903259.7883988287,0,5.754026311539008,1.8622060134283807,0.37244120268567615,153922409.00894353,1.4913866829472762,,,,,,,,,,,,,,,,
UGC07399,8,103.0,10,3712665.4569052053,0,11.688545608946711,7.083375422958619,0.8854219278698274,315072952.3993158,1.5284799482477989,,,,,,,,,,,,,,,,
UGC07524,9,79.5,31,1188002.6098092017,0,13.626393236574307,6.7584188276040145,0.2330489250897936,31553758.97443482,3.6000872037576017,,,,,,,,,,,,,,,,
UGC07603,7,61.6,12,386684.8544890269,0,7.004020754529754,2.034207454953753,0.2034207454953753,129718014.05506244,1.5347719427644122,,,,,,,,,,,,,,,,
UGC07690,10,57.4,7,283409.4682120008,0,4.447663585245866,0.5558432871352403,0.11116865742704807,408249960.6240756,0.6988472791637885,,,,,,,,,,,,,,,,
UGC08286,6,82.4,17,1390854.6925025901,1,14.503919854021092,0.33785313374001114,0.028154427811667593,38130803.384767815,3.5418396056529566,1.3456074973267578,1292459505.907416,0.431220763658646,70.7397810238948,1.0,70.7397810238948,5.086065525408081e-05,True,,,,,,,,
UGC08490,9,78.6,30,1129955.215859999,1,18.09957041802358,1.0935835097128017,0.04374334038851207,304223759.0686703,1.0994937473169992,6.601883811223356,4772016758.043567,2.6407535244893423,20766.03236506782,2.0,10383.01618253391,0.009188874069342197,True,,,,,,,,
UGC08550,7,56.9,11,272706.82100892323,0,13.265960515594628,8.470169969997887,0.9411299966664318,130582865.48878297,1.306083301467354,,,,,,,,,,,,,,,,
UGC08699,2,182.4,41,45889285.75763539,2,30.318599888125746,1.4312565869719525,0.04935367541282595,5864083.048170626,22.382921607063757,1.7265155585846825,5900292088.225294,0.38569991499238915,52275.69013692885,1.0,52275.69013692885,0.0011391698361361148,True,6.378471482714368,23588990996.96024,1.363444285813295,21691307.755510308,5.0,4338261.551102062,0.09453756970667669,False
UGC09037,6,152.3,22,20753034.27292837,0,14.399006527445172,8.510128569112291,0.500595798183076,4474452.12341277,20.96699505001945,,,,,,,,,,,,,,,,
UGC09133,2,226.8,68,119682719.68368636,2,126.30832996745295,93.03726530057557,1.6613797375102781,3724988.168441962,25.155954727522452,10.852523149826666,131807572170.58716,3.768040740904432,38613624476.66638,5.0,7722724895.333277,64.52664942561412,False,51.180658335034764,118849804807.47168,2.846101594425869,24617466562.254814,5.0,4923493312.450963,41.137879599188885,False
UGC09992,10,33.6,5,26859.30984098464,0,3.291939587283007,0.0730637624148062,0.024354587471602063,200855889.95235482,0.5254640964979197,,,,,,,,,,,,,,,,
UGC10310,9,71.4,7,740413.2131815673,0,4.359828289248686,0.4680079911380594,0.09360159822761188,71054740.25910194,2.136004470034946,,,,,,,,,,,,,,,,
UGC11455,6,269.4,36,255241583.75310653,2,51.16643805810887,23.194377566377028,0.9277751026550811,1630995.717550463,145.84519755445817,3.7844680223287868,13464434609.256449,0.6303901564770431,1892205.6218937417,1.0,1892205.6218937417,0.007413390851406326,True,11.764846960346391,90890942566.86986,2.4930094742958917,7665926330.590273,5.0,1533185266.1180546,6.006800473394235,False
UGC11914,2,288.1,65,342919644.67657655,1,29.717357469891688,9.001683837934022,0.15520144548162107,4296467166.364028,0.719592485884677,11.291546853271187,290384164685.8393,3.1069206000606084,1199312178454.5493,5.0,239862435690.90985,699.4712592716444,False,,,,,,,,
UGC12506,6,234.0,31,137325693.60108662,1,19.022076055420396,1.852140032994665,0.07123615511517942,317446206.50188136,2.9079217550264085,23.776049341505,223184643537.67978,9.38373282374131,381671511645.93243,5.0,76334302329.1865,555.8632206943572,False,,,,,,,,
UGC12632,9,71.7,15,754199.6274737732,0,6.270515158446206,0.854414756241786,0.06572421201859892,42024085.77712476,2.8508320987092697,,,,,,,,,,,,,,,,
UGCA442,9,56.4,8,262319.2042024069,0,7.839696489603175,3.6808134062435034,0.6134689010405839,32126558.158034768,2.842307737493601,,,,,,,,,,,,,,,,
UGCA444,10,37.0,36,41047.774376960406,0,14.567417119997327,7.400379243085107,0.2176582130319149,54074905.90566275,1.2529956151678772,,,,,,,,,,,,,,,,
